"Name","Sahithi""Mobile","90876543789""Email","sahithi@gmail.com""Concern","Testing the csv file""Name","Sahithi""Mobile","9000000000""Email","sajlll;;""Concern","Test CSV 2""Name","Sahithi""Mobile","8907654321""Email","sahithi@gmail.com""Concern","Test to view the csv file""Name","Sahithi""Mobile","9087653678""Email","ghjk""Concern","Another test to check the dialog box display""Name","Sahithi""Mobile","8907654321""Email","sahithi@gmail.com""Concern","Rectifying a glitch to append to the columns""Name","Sahithi""Mobile","9000000000""Email","sahithi@gmail.com""Concern","Test Concern""Name","Sahithi""Mobile","9000000000""Email","sahithi@gmail.com""Concern","Test Concern 2""Name","Sahithi""Mobile","9087654321""Email","sahithi@gmail.com""Concern","Test COncern 3"
"Name","Sahithi""Mobile","9087654321""Email","sahithi@gmail.com""Concern","Test Concern 4"
"Name","Sahithi""Mobile","9000000000""Email","sahithi@gmail.com""Concern","Test Concern 5"
"Name","Sahithi""Mobile","9809876543""Email","ghji""Concern","Test Concern 6"
"Name","Sahithi""Mobile","8907654321""Email","sahithi@gmail.com""Concern","Test to remove the values from the text fields"
"Name","Sahithi""Mobile","9876543210""Email","sahithi@gmail.com""Concern","Test to check and restore the textfields to empty values"
"Name","Sahithi""Mobile","9876543210""Email","sahithi@gmail.com""Concern","Test concern for screenshot"
"Name","Sahithi""Mobile","9876543210""Email","sahithi@gmail.com""Concern","Test-2 for screenshot purpose"
"Name","Sahithi""Mobile","9876543210""Email","sahithi@gmail.com""Concern","Hi"
"Name","Sahithi""Mobile","9876543321""Email","sahithi@gmail.com""Concern","Hello"
"Name","Sahithi""Mobile","9876543210""Email","sahithi@gmail.com""Concern","Test Concern for the screenshot"
"Name","Sahithi""Mobile","9876543210""Email","sahithi@gmail.com""Concern","Final Test"
"Name"Sahithi""Mobile","9876543210""Email","sahithi@gmail.com""Concern","Test Concern"
